wu24,24.345703125,123.92578125,沖縄県,,八重山郡,竹富町,47381
wudv,26.279296875,127.79296875,沖縄県,,中頭郡,中城村,47328
wuep,26.630859375,128.14453125,沖縄県,,国頭郡,東村,47303
wvh1,28.388671875,129.55078125,鹿児島県,,,奄美市,46222
wvku,30.322265625,130.60546875,鹿児島県,,熊毛郡,屋久島町,46505
wvmj,30.498046875,130.95703125,鹿児島県,,熊毛郡,中種子町,46501
wvmn,30.673828125,130.95703125,鹿児島県,,,西之表市,46213
wvsc,31.201171875,130.60546875,鹿児島県,,,指宿市,46210
wvt1,31.201171875,130.95703125,鹿児島県,,肝属郡,肝付町,46492
wvsd,31.376953125,130.25390625,鹿児島県,,,南さつま市,46220
wvt4,31.376953125,130.95703125,鹿児島県,,,鹿屋市,46203
wvt5,31.552734375,130.95703125,鹿児島県,,,曽於市,46217
wvt7,31.552734375,131.30859375,宮崎県,,,日南市,45204
wvss,31.728515625,130.25390625,鹿児島県,,,いちき串木野市,46219
wvsu,31.728515625,130.60546875,鹿児島県,,,姶良市,46225
wvth,31.728515625,130.95703125,鹿児島県,,,曽於市,46217
wvtk,31.728515625,131.30859375,宮崎県,,,日南市,45204
wvst,31.904296875,130.25390625,鹿児島県,,,薩摩川内市,46215
wvsv,31.904296875,130.60546875,鹿児島県,,薩摩郡,さつま町,46392
wvtj,31.904296875,130.95703125,宮崎県,,西諸県郡,高原町,45361
wvtm,31.904296875,131.30859375,宮崎県,,,宮崎市,45201
wvsw,32.080078125,130.25390625,鹿児島県,,,出水市,46208
wvsy,32.080078125,130.60546875,鹿児島県,,,伊佐市,46224
wvtn,32.080078125,130.95703125,宮崎県,,,えびの市,45209
wvtq,32.080078125,131.30859375,宮崎県,,,西都市,45208
wvsz,32.255859375,130.60546875,熊本県,,球磨郡,球磨村,43513
wvtp,32.255859375,130.95703125,熊本県,,球磨郡,多良木町,43505
wvtr,32.255859375,131.30859375,宮崎県,,,西都市,45208
wvu8,32.431640625,130.25390625,熊本県,,,天草市,43215
wvub,32.431640625,130.60546875,熊本県,,,八代市,43202
wvv0,32.431640625,130.95703125,熊本県,,球磨郡,水上村,43507
wvv2,32.431640625,131.30859375,宮崎県,,東臼杵郡,美郷町,45431
wvv8,32.431640625,131.66015625,宮崎県,,,日向市,45206
wvv1,32.607421875,130.95703125,熊本県,,下益城郡,美里町,43348
wvv3,32.607421875,131.30859375,宮崎県,,東臼杵郡,諸塚村,45429
wvv9,32.607421875,131.66015625,宮崎県,,,延岡市,45203
wvgd,32.783203125,128.84765625,長崎県,,,五島市,42211
wvu6,32.783203125,129.90234375,長崎県,,,長崎市,42201
wvud,32.783203125,130.25390625,長崎県,,,雲仙市,42213
wvuf,32.783203125,130.60546875,熊本県,,熊本市,西区,43103
wvv4,32.783203125,130.95703125,熊本県,,上益城郡,御船町,43441
wvv6,32.783203125,131.30859375,宮崎県,,西臼杵郡,高千穂町,45441
wvvd,32.783203125,131.66015625,大分県,,,佐伯市,44205
wvug,32.958984375,130.60546875,熊本県,,,玉名市,43206
wvv5,32.958984375,130.95703125,熊本県,,,阿蘇市,43214
wvv7,32.958984375,131.30859375,大分県,,,竹田市,44208
wvve,32.958984375,131.66015625,大分県,,,佐伯市,44205
wvy7,32.958984375,132.71484375,高知県,,,宿毛市,39208
wvuk,33.134765625,129.90234375,長崎県,,東彼杵郡,波佐見町,42323
wvuu,33.134765625,130.60546875,福岡県,,,八女市,40210
wvvh,33.134765625,130.95703125,大分県,,,日田市,44204
wvvk,33.134765625,131.30859375,大分県,,,由布市,44213
wvvs,33.134765625,131.66015625,大分県,,,大分市,44201
wvyk,33.134765625,132.71484375,高知県,,,四万十市,39210
wvys,33.134765625,133.06640625,高知県,,高岡郡,四万十町,39412
xjgk,33.134765625,139.74609375,東京都,,,八丈町,13401
wvum,33.310546875,129.90234375,佐賀県,,,伊万里市,41205
wvut,33.310546875,130.25390625,佐賀県,,,佐賀市,41201
wvuv,33.310546875,130.60546875,福岡県,,,久留米市,40203
wvvj,33.310546875,130.95703125,大分県,,,日田市,44204
wvvm,33.310546875,131.30859375,大分県,,玖珠郡,玖珠町,44462
wvym,33.310546875,132.71484375,愛媛県,,北宇和郡,鬼北町,38488
wvyt,33.310546875,133.06640625,高知県,,高岡郡,四万十町,39412
wvzm,33.310546875,134.12109375,高知県,,,室戸市,39202
wvun,33.486328125,129.55078125,長崎県,,,平戸市,42207
wvuq,33.486328125,129.90234375,佐賀県,,,唐津市,41202
wvuw,33.486328125,130.25390625,福岡県,,,糸島市,40230
wvuy,33.486328125,130.60546875,福岡県,,朝倉郡,筑前町,40447
wvvn,33.486328125,130.95703125,大分県,,,中津市,44203
wvvq,33.486328125,131.30859375,大分県,,,宇佐市,44211
wvvw,33.486328125,131.66015625,大分県,,,国東市,44214
wvyn,33.486328125,132.36328125,愛媛県,,西宇和郡,伊方町,38442
wvyq,33.486328125,132.71484375,愛媛県,,,大洲市,38207
wvyw,33.486328125,133.06640625,高知県,,吾川郡,仁淀川町,39387
wvyy,33.486328125,133.41796875,高知県,,,土佐市,39205
wvzq,33.486328125,134.12109375,高知県,,安芸郡,北川村,39305
wvuz,33.662109375,130.60546875,福岡県,,,宮若市,40226
wvvp,33.662109375,130.95703125,福岡県,,京都郡,みやこ町,40625
wvvx,33.662109375,131.66015625,大分県,,,国東市,44214
wvyr,33.662109375,132.71484375,愛媛県,,,伊予市,38210
wvyx,33.662109375,133.06640625,愛媛県,,上浮穴郡,久万高原町,38386
wvyz,33.662109375,133.41796875,高知県,,吾川郡,いの町,39386
wvzp,33.662109375,133.76953125,高知県,,,香美市,39212
wvzr,33.662109375,134.12109375,高知県,,安芸郡,馬路村,39306
xjbr,33.662109375,135.52734375,和歌山県,,西牟婁郡,白浜町,30401
xjbx,33.662109375,135.87890625,和歌山県,,東牟婁郡,那智勝浦町,30421
wyhb,33.837890625,130.60546875,福岡県,,遠賀郡,岡垣町,40383
wyj0,33.837890625,130.95703125,福岡県,,北九州市,小倉南区,40107
wyn2,33.837890625,132.71484375,愛媛県,,,松山市,38201
wyn8,33.837890625,133.06640625,愛媛県,,,西条市,38206
wynb,33.837890625,133.41796875,高知県,,土佐郡,大川村,39364
wyp0,33.837890625,133.76953125,高知県,,長岡郡,大豊町,39344
wyp2,33.837890625,134.12109375,徳島県,,那賀郡,那賀町,36368
wyp8,33.837890625,134.47265625,徳島県,,那賀郡,那賀町,36368
xn00,33.837890625,135.17578125,和歌山県,,,御坊市,30205
xn02,33.837890625,135.52734375,和歌山県,,,田辺市,30206
xn08,33.837890625,135.87890625,三重県,,,熊野市,24212
wyj1,34.013671875,130.95703125,山口県,,,下関市,35201
wyj3,34.013671875,131.30859375,山口県,,,山口市,35203
wyjc,34.013671875,132.01171875,山口県,,,光市,35210
wyp1,34.013671875,133.76953125,徳島県,,,三好市,36208
wyp3,34.013671875,134.12109375,徳島県,,,美馬市,36207
wyp9,34.013671875,134.47265625,徳島県,,名東郡,佐那河内村,36321
xn01,34.013671875,135.17578125,和歌山県,,有田郡,広川町,30362
xn03,34.013671875,135.52734375,和歌山県,,日高郡,日高川町,30392
xn09,34.013671875,135.87890625,奈良県,,吉野郡,十津川村,29449
xn0c,34.013671875,136.23046875,三重県,,,尾鷲市,24209
wy5f,34.189453125,129.19921875,長崎県,,,対馬市,42209
wyj4,34.189453125,130.95703125,山口県,,,下関市,35201
wyj6,34.189453125,131.30859375,山口県,,,美祢市,35213
wyjd,34.189453125,131.66015625,山口県,,,山口市,35203
wyjf,34.189453125,132.01171875,山口県,,,岩国市,35208
wyn6,34.189453125,132.71484375,広島県,,,呉市,34202
wynd,34.189453125,133.06640625,愛媛県,,,今治市,38202
wyp4,34.189453125,133.76953125,香川県,,,三豊市,37208
wyp6,34.189453125,134.12109375,香川県,,木田郡,三木町,37341
wypd,34.189453125,134.47265625,徳島県,,,鳴門市,36202
xn04,34.189453125,135.17578125,和歌山県,,,和歌山市,30201
xn06,34.189453125,135.52734375,和歌山県,,伊都郡,高野町,30344
xn0d,34.189453125,135.87890625,奈良県,,吉野郡,天川村,29446
xn0f,34.189453125,136.23046875,三重県,,北牟婁郡,紀北町,24543
wyj7,34.365234375,131.30859375,山口県,,,長門市,35211
wyje,34.365234375,131.66015625,山口県,,,山口市,35203
wyjg,34.365234375,132.01171875,山口県,,,岩国市,35208
wyn5,34.365234375,132.36328125,広島県,,広島市,佐伯区,34108
wyn7,34.365234375,132.71484375,広島県,,,東広島市,34212
wyne,34.365234375,133.06640625,広島県,,,三原市,34204
wyp7,34.365234375,134.12109375,香川県,,,高松市,37201
wypg,34.365234375,134.82421875,兵庫県,,,洲本市,28205
xn07,34.365234375,135.52734375,大阪府,,,河内長野市,27216
xn0e,34.365234375,135.87890625,奈良県,,吉野郡,吉野町,29441
xn0g,34.365234375,136.23046875,三重県,,,松阪市,24204
xn15,34.365234375,136.58203125,三重県,,度会郡,度会町,24470
wyjs,34.541015625,131.66015625,山口県,,,萩市,35204
wyju,34.541015625,132.01171875,島根県,,,益田市,32204
wynh,34.541015625,132.36328125,広島県,,山県郡,安芸太田町,34368
wynk,34.541015625,132.71484375,広島県,,,東広島市,34212
wyns,34.541015625,133.06640625,広島県,,,三原市,34204
wynu,34.541015625,133.41796875,広島県,,,福山市,34207
wyph,34.541015625,133.76953125,岡山県,,,倉敷市,33202
xn0k,34.541015625,135.52734375,大阪府,,堺市,東区,27143
xn0s,34.541015625,135.87890625,奈良県,,,桜井市,29206
xn0u,34.541015625,136.23046875,三重県,,,津市,24201
xn1h,34.541015625,136.58203125,三重県,,,松阪市,24204
wyjv,34.716796875,132.01171875,島根県,,,浜田市,32202
wynj,34.716796875,132.36328125,広島県,,山県郡,北広島町,34369
wynm,34.716796875,132.71484375,広島県,,,安芸高田市,34214
wynt,34.716796875,133.06640625,広島県,,,三次市,34209
wynv,34.716796875,133.41796875,岡山県,,,高梁市,33209
wypj,34.716796875,133.76953125,岡山県,,,総社市,33208
wypm,34.716796875,134.12109375,岡山県,,,備前市,33211
wypv,34.716796875,134.82421875,兵庫県,,,加古川市,28210
xn0j,34.716796875,135.17578125,兵庫県,,神戸市,中央区,28110
xn0m,34.716796875,135.52734375,大阪府,,大阪市,都島区,27102
xn0t,34.716796875,135.87890625,京都府,,,木津川市,26214
xn0v,34.716796875,136.23046875,三重県,,,伊賀市,24216
xn1m,34.716796875,136.93359375,愛知県,,知多郡,南知多町,23445
xn1t,34.716796875,137.28515625,愛知県,,,田原市,23231
xn1v,34.716796875,137.63671875,静岡県,,浜松市,西区,22133
xn4j,34.716796875,137.98828125,静岡県,,,掛川市,22213
xn5j,34.716796875,139.39453125,東京都,,,大島町,13361
wynn,34.892578125,132.36328125,島根県,,邑智郡,邑南町,32449
wynq,34.892578125,132.71484375,広島県,,,三次市,34209
wynw,34.892578125,133.06640625,広島県,,,庄原市,34210
wyny,34.892578125,133.41796875,岡山県,,,新見市,33210
wypn,34.892578125,133.76953125,岡山県,,加賀郡,吉備中央町,33681
wypq,34.892578125,134.12109375,岡山県,,和気郡,和気町,33346
wypw,34.892578125,134.47265625,兵庫県,,,相生市,28208
wypy,34.892578125,134.82421875,兵庫県,,,加西市,28220
xn0n,34.892578125,135.17578125,兵庫県,,,三田市,28219
xn0q,34.892578125,135.52734375,大阪府,,,茨木市,27211
xn0w,34.892578125,135.87890625,滋賀県,,,大津市,25201
xn0y,34.892578125,136.23046875,滋賀県,,,甲賀市,25209
xn1n,34.892578125,136.58203125,三重県,,,鈴鹿市,24207
xn1q,34.892578125,136.93359375,愛知県,,,半田市,23205
xn1w,34.892578125,137.28515625,愛知県,,,岡崎市,23202
xn1y,34.892578125,137.63671875,愛知県,,,新城市,23221
xn4n,34.892578125,137.98828125,静岡県,,周智郡,森町,22461
xn4q,34.892578125,138.33984375,静岡県,,,焼津市,22212
xn4y,34.892578125,139.04296875,静岡県,,,伊東市,22208
wynp,35.068359375,132.36328125,島根県,,,大田市,32205
wynr,35.068359375,132.71484375,島根県,,飯石郡,飯南町,32386
wynx,35.068359375,133.06640625,広島県,,,庄原市,34210
wynz,35.068359375,133.41796875,岡山県,,,新見市,33210
wypp,35.068359375,133.76953125,岡山県,,,真庭市,33214
wypr,35.068359375,134.12109375,岡山県,,勝田郡,勝央町,33622
wypx,35.068359375,134.47265625,兵庫県,,,宍粟市,28227
wypz,35.068359375,134.82421875,兵庫県,,神崎郡,神河町,28446
xn0p,35.068359375,135.17578125,兵庫県,,,篠山市,28221
xn0r,35.068359375,135.52734375,京都府,,,南丹市,26213
xn0x,35.068359375,135.87890625,滋賀県,,,大津市,25201
xn0z,35.068359375,136.23046875,滋賀県,,,東近江市,25213
xn1p,35.068359375,136.58203125,三重県,,員弁郡,東員町,24324
xn1r,35.068359375,136.93359375,愛知県,,名古屋市,緑区,23114
xn1x,35.068359375,137.28515625,愛知県,,,豊田市,23211
xn1z,35.068359375,137.63671875,愛知県,,北設楽郡,設楽町,23561
xn4p,35.068359375,137.98828125,静岡県,,浜松市,天竜区,22137
xn4r,35.068359375,138.33984375,静岡県,,静岡市,葵区,22101
xn4z,35.068359375,139.04296875,静岡県,,,熱海市,22205
wyq2,35.244140625,132.71484375,島根県,,,出雲市,32203
wyq8,35.244140625,133.06640625,島根県,,仁多郡,奥出雲町,32343
wyqb,35.244140625,133.41796875,鳥取県,,日野郡,日野町,31402
wyr0,35.244140625,133.76953125,岡山県,,,真庭市,33214
wyr2,35.244140625,134.12109375,岡山県,,,津山市,33203
wyr8,35.244140625,134.47265625,兵庫県,,,宍粟市,28227
wyrb,35.244140625,134.82421875,兵庫県,,,朝来市,28225
xn20,35.244140625,135.17578125,京都府,,,福知山市,26201
xn22,35.244140625,135.52734375,京都府,,,南丹市,26213
xn28,35.244140625,135.87890625,滋賀県,,,大津市,25201
xn2b,35.244140625,136.23046875,滋賀県,,,彦根市,25202
xn30,35.244140625,136.58203125,岐阜県,,,海津市,21221
xn32,35.244140625,136.93359375,愛知県,,,春日井市,23206
xn38,35.244140625,137.28515625,愛知県,,,豊田市,23211
xn3b,35.244140625,137.63671875,長野県,,下伊那郡,根羽村,20410
xn60,35.244140625,137.98828125,静岡県,,浜松市,天竜区,22137
xn62,35.244140625,138.33984375,静岡県,,静岡市,葵区,22101
xn68,35.244140625,138.69140625,静岡県,,,富士市,22210
xn6b,35.244140625,139.04296875,神奈川県,,足柄下郡,箱根町,14382
xn78,35.244140625,140.09765625,千葉県,,,君津市,12225
wyq3,35.419921875,132.71484375,島根県,,,出雲市,32203
wyq9,35.419921875,133.06640625,島根県,,,松江市,32201
wyqc,35.419921875,133.41796875,鳥取県,,,米子市,31202
wyr1,35.419921875,133.76953125,鳥取県,,,倉吉市,31203
wyr3,35.419921875,134.12109375,鳥取県,,,鳥取市,31201
wyr9,35.419921875,134.47265625,鳥取県,,八頭郡,若桜町,31325
wyrc,35.419921875,134.82421875,兵庫県,,,養父市,28222
xn21,35.419921875,135.17578125,京都府,,,福知山市,26201
xn23,35.419921875,135.52734375,福井県,,,おおい町,18483
xn29,35.419921875,135.87890625,福井県,,三方上中郡,若狭町,18501
xn2c,35.419921875,136.23046875,滋賀県,,,長浜市,25203
xn31,35.419921875,136.58203125,岐阜県,,揖斐郡,池田町,21404
xn33,35.419921875,136.93359375,岐阜県,,,各務原市,21213
xn39,35.419921875,137.28515625,岐阜県,,,瑞浪市,21208
xn3c,35.419921875,137.63671875,長野県,,下伊那郡,阿智村,20407
xn61,35.419921875,137.98828125,長野県,,,飯田市,20205
xn63,35.419921875,138.33984375,山梨県,,南巨摩郡,早川町,19364
xn69,35.419921875,138.69140625,山梨県,,南都留郡,鳴沢村,19429
xn6c,35.419921875,139.04296875,神奈川県,,足柄上郡,山北町,14364
xn71,35.419921875,139.39453125,神奈川県,,,海老名市,14215
xn79,35.419921875,140.09765625,千葉県,,,市原市,12219
wyrd,35.595703125,134.47265625,兵庫県,,美方郡,新温泉町,28586
wyrf,35.595703125,134.82421875,兵庫県,,,豊岡市,28209
xn24,35.595703125,135.17578125,京都府,,与謝郡,与謝野町,26465
xn2d,35.595703125,135.87890625,福井県,,三方上中郡,若狭町,18501
xn2f,35.595703125,136.23046875,滋賀県,,,長浜市,25203
xn34,35.595703125,136.58203125,岐阜県,,,本巣市,21218
xn36,35.595703125,136.93359375,岐阜県,,,美濃市,21207
xn3d,35.595703125,137.28515625,岐阜県,,加茂郡,白川町,21506
xn3f,35.595703125,137.63671875,長野県,,木曽郡,南木曽町,20423
xn64,35.595703125,137.98828125,長野県,,下伊那郡,松川町,20402
xn66,35.595703125,138.33984375,山梨県,,,南アルプス市,19208
xn6d,35.595703125,138.69140625,山梨県,,,笛吹市,19211
xn6f,35.595703125,139.04296875,山梨県,,,大月市,19206
xn74,35.595703125,139.39453125,東京都,,,町田市,13209
xn76,35.595703125,139.74609375,東京都,,品川区,,13109
xn7d,35.595703125,140.09765625,千葉県,,千葉市,中央区,12101
xn7f,35.595703125,140.44921875,千葉県,,,山武市,12237
xn2g,35.771484375,136.23046875,福井県,,南条郡,南越前町,18404
xn35,35.771484375,136.58203125,岐阜県,,,本巣市,21218
xn37,35.771484375,136.93359375,岐阜県,,,郡上市,21219
xn3e,35.771484375,137.28515625,岐阜県,,,下呂市,21220
xn3g,35.771484375,137.63671875,長野県,,木曽郡,上松町,20422
xn65,35.771484375,137.98828125,長野県,,,駒ヶ根市,20210
xn67,35.771484375,138.33984375,山梨県,,,北杜市,19209
xn6e,35.771484375,138.69140625,山梨県,,,山梨市,19205
xn6g,35.771484375,139.04296875,東京都,,西多摩郡,奥多摩町,13308
xn75,35.771484375,139.39453125,埼玉県,,,所沢市,11208
xn77,35.771484375,139.74609375,東京都,,足立区,,13121
xn7e,35.771484375,140.09765625,千葉県,,,八千代市,12221
xn7g,35.771484375,140.44921875,千葉県,,香取郡,多古町,12347
xnk5,35.771484375,140.80078125,茨城県,,,神栖市,08232
xn2u,35.947265625,136.23046875,福井県,,,鯖江市,18207
xn3h,35.947265625,136.58203125,福井県,,,大野市,18205
xn3k,35.947265625,136.93359375,岐阜県,,,郡上市,21219
xn3s,35.947265625,137.28515625,岐阜県,,,下呂市,21220
xn3u,35.947265625,137.63671875,長野県,,木曽郡,木曽町,20432
xn6h,35.947265625,137.98828125,長野県,,上伊那郡,辰野町,20382
xn6k,35.947265625,138.33984375,長野県,,諏訪郡,富士見町,20362
xn6s,35.947265625,138.69140625,長野県,,南佐久郡,川上村,20304
xn6u,35.947265625,139.04296875,埼玉県,,,秩父市,11207
xn7h,35.947265625,139.39453125,埼玉県,,,鶴ヶ島市,11241
xn7k,35.947265625,139.74609375,埼玉県,,さいたま市,岩槻区,11110
xn7s,35.947265625,140.09765625,茨城県,,,つくばみらい市,08235
xn7u,35.947265625,140.44921875,茨城県,,,稲敷市,08229
wyqt,36.123046875,133.06640625,島根県,,隠岐郡,西ノ島町,32526
xn2v,36.123046875,136.23046875,福井県,,,坂井市,18210
xn3j,36.123046875,136.58203125,福井県,,,勝山市,18206
xn3m,36.123046875,136.93359375,岐阜県,,大野郡,白川村,21604
xn3t,36.123046875,137.28515625,岐阜県,,,高山市,21203
xn3v,36.123046875,137.63671875,長野県,,,松本市,20202
xn6j,36.123046875,137.98828125,長野県,,,塩尻市,20215
xn6m,36.123046875,138.33984375,長野県,,,佐久市,20217
xn6t,36.123046875,138.69140625,群馬県,,多野郡,上野村,10366
xn6v,36.123046875,139.04296875,埼玉県,,児玉郡,神川町,11383
xn7j,36.123046875,139.39453125,埼玉県,,,熊谷市,11202
xn7m,36.123046875,139.74609375,茨城県,,猿島郡,五霞町,08542
xn7t,36.123046875,140.09765625,茨城県,,,つくば市,08220
xn7v,36.123046875,140.44921875,茨城県,,,行方市,08233
xn3n,36.298828125,136.58203125,石川県,,,白山市,17210
xn3q,36.298828125,136.93359375,岐阜県,,大野郡,白川村,21604
xn3w,36.298828125,137.28515625,岐阜県,,,飛騨市,21217
xn3y,36.298828125,137.63671875,岐阜県,,,高山市,21203
xn6n,36.298828125,137.98828125,長野県,,,松本市,20202
xn6q,36.298828125,138.33984375,長野県,,北佐久郡,立科町,20324
xn6w,36.298828125,138.69140625,群馬県,,,安中市,10211
xn6y,36.298828125,139.04296875,群馬県,,,高崎市,10202
xn7n,36.298828125,139.39453125,群馬県,,,太田市,10205
xn7q,36.298828125,139.74609375,栃木県,,,小山市,09208
xn7w,36.298828125,140.09765625,茨城県,,,桜川市,08231
xn7y,36.298828125,140.44921875,茨城県,,東茨城郡,茨城町,08302
xn3p,36.474609375,136.58203125,石川県,,,白山市,17210
xn3r,36.474609375,136.93359375,富山県,,,南砺市,16210
xn3x,36.474609375,137.28515625,富山県,,,富山市,16201
xn3z,36.474609375,137.63671875,富山県,,,富山市,16201
xn6p,36.474609375,137.98828125,長野県,,,長野市,20201
xn6r,36.474609375,138.33984375,長野県,,,上田市,20203
xn6x,36.474609375,138.69140625,群馬県,,吾妻郡,東吾妻町,10429
xn6z,36.474609375,139.04296875,群馬県,,,渋川市,10208
xn7p,36.474609375,139.39453125,群馬県,,,桐生市,10203
xn7r,36.474609375,139.74609375,栃木県,,,栃木市,09203
xn7x,36.474609375,140.09765625,栃木県,,芳賀郡,益子町,09342
xn7z,36.474609375,140.44921875,茨城県,,,那珂市,08226
xn92,36.650390625,136.93359375,富山県,,,砺波市,16208
xn98,36.650390625,137.28515625,富山県,,中新川郡,立山町,16323
xn9b,36.650390625,137.63671875,富山県,,,黒部市,16207
xnd0,36.650390625,137.98828125,長野県,,上水内郡,小川村,20588
xnd2,36.650390625,138.33984375,長野県,,,須坂市,20207
xnd8,36.650390625,138.69140625,群馬県,,吾妻郡,中之条町,10421
xndb,36.650390625,139.04296875,群馬県,,,沼田市,10206
xne0,36.650390625,139.39453125,栃木県,,,日光市,09206
xne2,36.650390625,139.74609375,栃木県,,,日光市,09206
xne8,36.650390625,140.09765625,栃木県,,,那須烏山市,09215
xneb,36.650390625,140.44921875,茨城県,,,常陸太田市,08212
xn93,36.826171875,136.93359375,富山県,,,氷見市,16205
xn9c,36.826171875,137.63671875,富山県,,,黒部市,16207
xnd1,36.826171875,137.98828125,長野県,,北安曇郡,小谷村,20486
xnd3,36.826171875,138.33984375,長野県,,,飯山市,20213
xnd9,36.826171875,138.69140625,新潟県,,南魚沼郡,湯沢町,15461
xndc,36.826171875,139.04296875,群馬県,,利根郡,みなかみ町,10449
xne1,36.826171875,139.39453125,群馬県,,利根郡,片品村,10443
xne3,36.826171875,139.74609375,栃木県,,塩谷郡,塩谷町,09384
xne9,36.826171875,140.09765625,栃木県,,,大田原市,09210
xnec,36.826171875,140.44921875,福島県,,東白川郡,矢祭町,07482
xn96,37.001953125,136.93359375,石川県,,,七尾市,17202
xnd4,37.001953125,137.98828125,新潟県,,,糸魚川市,15216
xnd6,37.001953125,138.33984375,新潟県,,,上越市,15222
xndd,37.001953125,138.69140625,新潟県,,中魚沼郡,津南町,15482
xndf,37.001953125,139.04296875,新潟県,,,南魚沼市,15226
xne4,37.001953125,139.39453125,福島県,,南会津郡,桧枝岐村,07364
xne6,37.001953125,139.74609375,栃木県,,,日光市,09206
xned,37.001953125,140.09765625,栃木県,,那須郡,那須町,09407
xnef,37.001953125,140.44921875,福島県,,東白川郡,塙町,07483
xns4,37.001953125,140.80078125,福島県,,,いわき市,07204
xnd7,37.177734375,138.33984375,新潟県,,,上越市,15222
xnde,37.177734375,138.69140625,新潟県,,,十日町市,15210
xndg,37.177734375,139.04296875,新潟県,,,魚沼市,15225
xne5,37.177734375,139.39453125,福島県,,南会津郡,只見町,07367
xne7,37.177734375,139.74609375,福島県,,南会津郡,南会津町,07368
xnee,37.177734375,140.09765625,福島県,,西白河郡,西郷村,07461
xneg,37.177734375,140.44921875,福島県,,石川郡,石川町,07501
xns5,37.177734375,140.80078125,福島県,,,いわき市,07204
xn9k,37.353515625,136.93359375,石川県,,,輪島市,17204
xnds,37.353515625,138.69140625,新潟県,,,柏崎市,15205
xndu,37.353515625,139.04296875,新潟県,,,魚沼市,15225
xneh,37.353515625,139.39453125,福島県,,南会津郡,只見町,07367
xnek,37.353515625,139.74609375,福島県,,大沼郡,会津美里町,07447
xnes,37.353515625,140.09765625,福島県,,,郡山市,07203
xneu,37.353515625,140.44921875,福島県,,,郡山市,07203
xnsh,37.353515625,140.80078125,福島県,,双葉郡,川内村,07544
xndt,37.529296875,138.69140625,新潟県,,三島郡,出雲崎町,15405
xndv,37.529296875,139.04296875,新潟県,,,三条市,15204
xnej,37.529296875,139.39453125,新潟県,,東蒲原郡,阿賀町,15385
xnem,37.529296875,139.74609375,福島県,,河沼郡,柳津町,07423
xnet,37.529296875,140.09765625,福島県,,耶麻郡,猪苗代町,07408
xnev,37.529296875,140.44921875,福島県,,,本宮市,07214
xnsj,37.529296875,140.80078125,福島県,,双葉郡,葛尾村,07548
xndy,37.705078125,139.04296875,新潟県,,南蒲原郡,田上町,15361
xnen,37.705078125,139.39453125,新潟県,,東蒲原郡,阿賀町,15385
xneq,37.705078125,139.74609375,福島県,,,喜多方市,07208
xnew,37.705078125,140.09765625,福島県,,耶麻郡,北塩原村,07402
xney,37.705078125,140.44921875,福島県,,,福島市,07201
xnsn,37.705078125,140.80078125,福島県,,相馬郡,飯舘村,07564
xndr,37.880859375,138.33984375,新潟県,,,佐渡市,15224
xndz,37.880859375,139.04296875,新潟県,,新潟市,中央区,15103
xnep,37.880859375,139.39453125,新潟県,,,新発田市,15206
xner,37.880859375,139.74609375,山形県,,西置賜郡,小国町,06401
xnex,37.880859375,140.09765625,山形県,,,米沢市,06202
xnez,37.880859375,140.44921875,福島県,,,福島市,07201
xnsp,37.880859375,140.80078125,宮城県,,伊具郡,丸森町,04341
xnf2,38.056640625,138.33984375,新潟県,,,佐渡市,15224
xng0,38.056640625,139.39453125,新潟県,,,胎内市,15227
xng2,38.056640625,139.74609375,山形県,,西置賜郡,小国町,06401
xng8,38.056640625,140.09765625,山形県,,,南陽市,06213
xngb,38.056640625,140.44921875,宮城県,,刈田郡,七ケ宿町,04302
xnu0,38.056640625,140.80078125,宮城県,,柴田郡,柴田町,04323
xng3,38.232421875,139.74609375,新潟県,,,村上市,15212
xng9,38.232421875,140.09765625,山形県,,西置賜郡,白鷹町,06402
xngc,38.232421875,140.44921875,山形県,,,山形市,06201
xnu1,38.232421875,140.80078125,宮城県,,仙台市,太白区,04104
xng6,38.408203125,139.74609375,山形県,,,鶴岡市,06203
xngd,38.408203125,140.09765625,山形県,,西村山郡,西川町,06322
xngf,38.408203125,140.44921875,山形県,,,東根市,06211
xnu4,38.408203125,140.80078125,宮城県,,黒川郡,大和町,04421
xnu6,38.408203125,141.15234375,宮城県,,,東松島市,04214
xng7,38.583984375,139.74609375,山形県,,,鶴岡市,06203
xnge,38.583984375,140.09765625,山形県,,東田川郡,庄内町,06428
xngg,38.583984375,140.44921875,山形県,,,尾花沢市,06212
xnu5,38.583984375,140.80078125,宮城県,,加美郡,加美町,04445
xnu7,38.583984375,141.15234375,宮城県,,遠田郡,涌谷町,04501
xngk,38.759765625,139.74609375,山形県,,,鶴岡市,06203
xngs,38.759765625,140.09765625,山形県,,最上郡,戸沢村,06367
xngu,38.759765625,140.44921875,山形県,,最上郡,最上町,06362
xnuh,38.759765625,140.80078125,宮城県,,,栗原市,04213
xnuk,38.759765625,141.15234375,宮城県,,,栗原市,04213
xnus,38.759765625,141.50390625,宮城県,,,気仙沼市,04205
xngt,38.935546875,140.09765625,山形県,,,酒田市,06204
xngv,38.935546875,140.44921875,山形県,,最上郡,金山町,06361
xnuj,38.935546875,140.80078125,宮城県,,,栗原市,04213
xnum,38.935546875,141.15234375,岩手県,,,一関市,03209
xnut,38.935546875,141.50390625,宮城県,,,気仙沼市,04205
xngw,39.111328125,140.09765625,秋田県,,,由利本荘市,05210
xngy,39.111328125,140.44921875,秋田県,,,湯沢市,05207
xnun,39.111328125,140.80078125,岩手県,,,奥州市,03215
xnuq,39.111328125,141.15234375,岩手県,,,奥州市,03215
xnuw,39.111328125,141.50390625,岩手県,,,陸前高田市,03210
xnuy,39.111328125,141.85546875,岩手県,,,大船渡市,03203
xngx,39.287109375,140.09765625,秋田県,,,由利本荘市,05210
xngz,39.287109375,140.44921875,秋田県,,,横手市,05203
xnup,39.287109375,140.80078125,岩手県,,和賀郡,西和賀町,03366
xnur,39.287109375,141.15234375,岩手県,,,北上市,03206
xnux,39.287109375,141.50390625,岩手県,,,遠野市,03208
xnuz,39.287109375,141.85546875,岩手県,,,釜石市,03211
xp58,39.462890625,140.09765625,秋田県,,,由利本荘市,05210
xp5b,39.462890625,140.44921875,秋田県,,,大仙市,05212
xph0,39.462890625,140.80078125,岩手県,,和賀郡,西和賀町,03366
xph2,39.462890625,141.15234375,岩手県,,,花巻市,03205
xph8,39.462890625,141.50390625,岩手県,,,遠野市,03208
xphb,39.462890625,141.85546875,岩手県,,下閉伊郡,山田町,03482
xp59,39.638671875,140.09765625,秋田県,,,秋田市,05201
xp5c,39.638671875,140.44921875,秋田県,,,大仙市,05212
xph1,39.638671875,140.80078125,秋田県,,,仙北市,05215
xph3,39.638671875,141.15234375,岩手県,,,盛岡市,03201
xph9,39.638671875,141.50390625,岩手県,,,宮古市,03202
xphc,39.638671875,141.85546875,岩手県,,,宮古市,03202
xp5d,39.814453125,140.09765625,秋田県,,,秋田市,05201
xp5f,39.814453125,140.44921875,秋田県,,,秋田市,05201
xph4,39.814453125,140.80078125,秋田県,,,仙北市,05215
xph6,39.814453125,141.15234375,岩手県,,岩手郡,滝沢村,03305
xphd,39.814453125,141.50390625,岩手県,,,盛岡市,03201
xphf,39.814453125,141.85546875,岩手県,,下閉伊郡,岩泉町,03483
xp5e,39.990234375,140.09765625,秋田県,,山本郡,三種町,05348
xp5g,39.990234375,140.44921875,秋田県,,,北秋田市,05213
xph5,39.990234375,140.80078125,秋田県,,,鹿角市,05209
xph7,39.990234375,141.15234375,岩手県,,岩手郡,岩手町,03303
xphe,39.990234375,141.50390625,岩手県,,岩手郡,葛巻町,03302
xphg,39.990234375,141.85546875,岩手県,,下閉伊郡,普代村,03485
xp5s,40.166015625,140.09765625,秋田県,,,能代市,05202
xp5u,40.166015625,140.44921875,秋田県,,,北秋田市,05213
xphh,40.166015625,140.80078125,秋田県,,,鹿角市,05209
xphk,40.166015625,141.15234375,岩手県,,,二戸市,03213
xphs,40.166015625,141.50390625,岩手県,,,久慈市,03207
xphu,40.166015625,141.85546875,岩手県,,,久慈市,03207
xp5t,40.341796875,140.09765625,秋田県,,山本郡,八峰町,05349
xp5v,40.341796875,140.44921875,秋田県,,,大館市,05204
xphj,40.341796875,140.80078125,秋田県,,,鹿角市,05209
xphm,40.341796875,141.15234375,青森県,,三戸郡,田子町,02443
xpht,40.341796875,141.50390625,岩手県,,九戸郡,軽米町,03501
xp5w,40.517578125,140.09765625,青森県,,西津軽郡,鰺ヶ沢町,02321
xp5y,40.517578125,140.44921875,青森県,,,弘前市,02202
xphn,40.517578125,140.80078125,青森県,,,平川市,02210
xphq,40.517578125,141.15234375,青森県,,,十和田市,02206
xphw,40.517578125,141.50390625,青森県,,,八戸市,02203
xp5x,40.693359375,140.09765625,青森県,,西津軽郡,深浦町,02323
xp5z,40.693359375,140.44921875,青森県,,,弘前市,02202
xphp,40.693359375,140.80078125,青森県,,,青森市,02201
xphr,40.693359375,141.15234375,青森県,,上北郡,七戸町,02402
xp7b,40.869140625,140.44921875,青森県,,,五所川原市,02205
xpk2,40.869140625,141.15234375,青森県,,上北郡,野辺地町,02401
xp7c,41.044921875,140.44921875,青森県,,北津軽郡,中泊町,02387
xpk4,41.220703125,140.80078125,青森県,,,むつ市,02208
xpk7,41.396484375,141.15234375,青森県,,,むつ市,02208
xp7s,41.572265625,140.09765625,北海道,渡島支庁,松前郡,松前町,01331
xp7t,41.748046875,140.09765625,北海道,檜山支庁,檜山郡,上ノ国町,01362
xp7v,41.748046875,140.44921875,北海道,渡島支庁,上磯郡,木古内町,01334
xp7y,41.923828125,140.44921875,北海道,檜山支庁,檜山郡,厚沢部町,01363
xpkn,41.923828125,140.80078125,北海道,,,函館市,01202
xp7x,42.099609375,140.09765625,北海道,檜山支庁,二海郡,八雲町,01346
xp7z,42.099609375,140.44921875,北海道,渡島支庁,茅部郡,森町,01345
xpmz,42.099609375,143.26171875,北海道,日高支庁,幌泉郡,えりも町,01609
xpe8,42.275390625,140.09765625,北海道,檜山支庁,二海郡,八雲町,01346
xpt2,42.275390625,142.55859375,北海道,日高支庁,日高郡,新ひだか町,01610
xpt8,42.275390625,142.91015625,北海道,日高支庁,浦河郡,浦河町,01607
xptb,42.275390625,143.26171875,北海道,十勝支庁,広尾郡,広尾町,01642
xpe9,42.451171875,140.09765625,北海道,檜山支庁,瀬棚郡,今金町,01370
xps3,42.451171875,141.15234375,北海道,,,登別市,01230
xpt1,42.451171875,142.20703125,北海道,日高支庁,沙流郡,日高町,01601
xpt3,42.451171875,142.55859375,北海道,日高支庁,日高郡,新ひだか町,01610
xpt9,42.451171875,142.91015625,北海道,十勝支庁,広尾郡,大樹町,01641
xptc,42.451171875,143.26171875,北海道,十勝支庁,広尾郡,大樹町,01641
xped,42.626953125,140.09765625,北海道,後志支庁,島牧郡,島牧村,01391
xpef,42.626953125,140.44921875,北海道,後志支庁,寿都郡,黒松内町,01393
xps4,42.626953125,140.80078125,北海道,胆振支庁,虻田郡,洞爺湖町,01584
xps6,42.626953125,141.15234375,北海道,胆振支庁,白老郡,白老町,01578
xpsd,42.626953125,141.50390625,北海道,,,苫小牧市,01213
xpsf,42.626953125,141.85546875,北海道,胆振支庁,勇払郡,厚真町,01581
xpt4,42.626953125,142.20703125,北海道,日高支庁,沙流郡,平取町,01602
xpt6,42.626953125,142.55859375,北海道,日高支庁,新冠郡,新冠町,01604
xptd,42.626953125,142.91015625,北海道,,,帯広市,01207
xptf,42.626953125,143.26171875,北海道,十勝支庁,河西郡,更別村,01639
xpeg,42.802734375,140.44921875,北海道,後志支庁,磯谷郡,蘭越町,01394
xps5,42.802734375,140.80078125,北海道,後志支庁,虻田郡,真狩村,01396
xps7,42.802734375,141.15234375,北海道,,札幌市,南区,01106
xpse,42.802734375,141.50390625,北海道,,,千歳市,01224
xpsg,42.802734375,141.85546875,北海道,胆振支庁,勇払郡,安平町,01585
xpt5,42.802734375,142.20703125,北海道,胆振支庁,勇払郡,むかわ町,01586
xpt7,42.802734375,142.55859375,北海道,日高支庁,沙流郡,平取町,01602
xpte,42.802734375,142.91015625,北海道,十勝支庁,河西郡,芽室町,01637
xptg,42.802734375,143.26171875,北海道,十勝支庁,中川郡,幕別町,01643
xpw5,42.802734375,143.61328125,北海道,十勝支庁,十勝郡,浦幌町,01649
xpsh,42.978515625,140.80078125,北海道,後志支庁,虻田郡,倶知安町,01400
xpsk,42.978515625,141.15234375,北海道,,札幌市,南区,01106
xpss,42.978515625,141.50390625,北海道,,,北広島市,01234
xpsu,42.978515625,141.85546875,北海道,空知支庁,夕張郡,由仁町,01427
xpth,42.978515625,142.20703125,北海道,,,夕張市,01209
xptk,42.978515625,142.55859375,北海道,上川支庁,勇払郡,占冠村,01463
xpts,42.978515625,142.91015625,北海道,十勝支庁,上川郡,清水町,01636
xptu,42.978515625,143.26171875,北海道,十勝支庁,河東郡,音更町,01631
xpwh,42.978515625,143.61328125,北海道,十勝支庁,十勝郡,浦幌町,01649
xpwk,42.978515625,143.96484375,北海道,釧路支庁,白糠郡,白糠町,01668
xpwu,42.978515625,144.66796875,北海道,釧路支庁,釧路郡,釧路町,01661
xpev,43.154296875,140.44921875,北海道,後志支庁,古宇郡,神恵内村,01404
xpsj,43.154296875,140.80078125,北海道,後志支庁,余市郡,余市町,01408
xpst,43.154296875,141.50390625,北海道,,,江別市,01217
xpsv,43.154296875,141.85546875,北海道,,,岩見沢市,01210
xptj,43.154296875,142.20703125,北海道,,,夕張市,01209
xptm,43.154296875,142.55859375,北海道,上川支庁,空知郡,南富良野町,01462
xptt,43.154296875,142.91015625,北海道,十勝支庁,上川郡,新得町,01635
xptv,43.154296875,143.26171875,北海道,十勝支庁,河東郡,士幌町,01632
xpwj,43.154296875,143.61328125,北海道,十勝支庁,中川郡,本別町,01646
xpwm,43.154296875,143.96484375,北海道,釧路支庁,白糠郡,白糠町,01668
xpwt,43.154296875,144.31640625,北海道,釧路支庁,阿寒郡,鶴居村,01667
xpwv,43.154296875,144.66796875,北海道,釧路支庁,川上郡,標茶町,01664
xpxj,43.154296875,145.01953125,北海道,釧路支庁,厚岸郡,浜中町,01663
xpey,43.330078125,140.44921875,北海道,後志支庁,積丹郡,積丹町,01405
xpsw,43.330078125,141.50390625,北海道,,,石狩市,01235
xpsy,43.330078125,141.85546875,北海道,,,美唄市,01215
xptn,43.330078125,142.20703125,北海道,,,芦別市,01216
xptq,43.330078125,142.55859375,北海道,,,富良野市,01229
xptw,43.330078125,142.91015625,北海道,十勝支庁,上川郡,新得町,01635
xpty,43.330078125,143.26171875,北海道,十勝支庁,河東郡,上士幌町,01633
xpwn,43.330078125,143.61328125,北海道,十勝支庁,足寄郡,足寄町,01647
xpwq,43.330078125,143.96484375,北海道,釧路支庁,白糠郡,白糠町,01668
xpww,43.330078125,144.31640625,北海道,釧路支庁,阿寒郡,鶴居村,01667
xpwy,43.330078125,144.66796875,北海道,釧路支庁,川上郡,標茶町,01664
xpxn,43.330078125,145.01953125,北海道,根室支庁,野付郡,別海町,01691
xpsx,43.505859375,141.50390625,北海道,,,石狩市,01235
xpsz,43.505859375,141.85546875,北海道,空知支庁,樺戸郡,新十津川町,01432
xptp,43.505859375,142.20703125,北海道,,,芦別市,01216
xptr,43.505859375,142.55859375,北海道,上川支庁,空知郡,上富良野町,01460
xptx,43.505859375,142.91015625,北海道,十勝支庁,上川郡,新得町,01635
xptz,43.505859375,143.26171875,北海道,十勝支庁,足寄郡,足寄町,01647
xpwp,43.505859375,143.61328125,北海道,十勝支庁,足寄郡,陸別町,01648
xpwr,43.505859375,143.96484375,北海道,網走支庁,網走郡,津別町,01544
xpwx,43.505859375,144.31640625,北海道,釧路支庁,川上郡,弟子屈町,01665
xpwz,43.505859375,144.66796875,北海道,釧路支庁,川上郡,標茶町,01664
xpxp,43.505859375,145.01953125,北海道,根室支庁,標津郡,中標津町,01692
xpu8,43.681640625,141.50390625,北海道,空知支庁,樺戸郡,新十津川町,01432
xpub,43.681640625,141.85546875,北海道,空知支庁,雨竜郡,雨竜町,01436
xpv0,43.681640625,142.20703125,北海道,,,旭川市,01204
xpv2,43.681640625,142.55859375,北海道,上川支庁,上川郡,東川町,01458
xpv8,43.681640625,142.91015625,北海道,上川支庁,上川郡,上川町,01457
xpvb,43.681640625,143.26171875,北海道,,,北見市,01208
xpy0,43.681640625,143.61328125,北海道,網走支庁,常呂郡,置戸町,01550
xpy2,43.681640625,143.96484375,北海道,網走支庁,網走郡,津別町,01544
xpy8,43.681640625,144.31640625,北海道,釧路支庁,川上郡,弟子屈町,01665
xpyb,43.681640625,144.66796875,北海道,網走支庁,斜里郡,清里町,01546
xpz0,43.681640625,145.01953125,北海道,根室支庁,標津郡,標津町,01693
xpuc,43.857421875,141.85546875,北海道,,,留萌市,01212
xpv1,43.857421875,142.20703125,北海道,,,深川市,01228
xpv3,43.857421875,142.55859375,北海道,上川支庁,上川郡,当麻町,01454
xpv9,43.857421875,142.91015625,北海道,上川支庁,上川郡,上川町,01457
xpvc,43.857421875,143.26171875,北海道,網走支庁,紋別郡,遠軽町,01555
xpy1,43.857421875,143.61328125,北海道,,,北見市,01208
xpy3,43.857421875,143.96484375,北海道,,,北見市,01208
xpy9,43.857421875,144.31640625,北海道,網走支庁,網走郡,大空町,01564
xpyc,43.857421875,144.66796875,北海道,網走支庁,斜里郡,斜里町,01545
xpz1,43.857421875,145.01953125,北海道,根室支庁,標津郡,標津町,01693
xrb3,43.857421875,146.77734375,北海道,根室振興局,色丹郡,色丹村,01695
xpuf,44.033203125,141.85546875,北海道,留萌支庁,留萌郡,小平町,01482
xpv4,44.033203125,142.20703125,北海道,,,士別市,01220
xpv6,44.033203125,142.55859375,北海道,,,士別市,01220
xpvd,44.033203125,142.91015625,北海道,網走支庁,紋別郡,滝上町,01560
xpvf,44.033203125,143.26171875,北海道,網走支庁,紋別郡,遠軽町,01555
xpy4,44.033203125,143.61328125,北海道,網走支庁,紋別郡,湧別町,01559
xpy6,44.033203125,143.96484375,北海道,,,北見市,01208
xpz4,44.033203125,145.01953125,北海道,網走支庁,斜里郡,斜里町,01545
xpzd,44.033203125,145.72265625,北海道,根室振興局,国後郡,泊村・留夜別村,01696
xpug,44.208984375,141.85546875,北海道,留萌支庁,苫前郡,苫前町,01483
xpv5,44.208984375,142.20703125,北海道,,,士別市,01220
xpv7,44.208984375,142.55859375,北海道,,,名寄市,01221
xpve,44.208984375,142.91015625,北海道,網走支庁,紋別郡,滝上町,01560
xpvg,44.208984375,143.26171875,北海道,,,紋別市,01219
xpy5,44.208984375,143.61328125,北海道,網走支庁,紋別郡,湧別町,01559
xpuu,44.384765625,141.85546875,北海道,留萌支庁,苫前郡,羽幌町,01484
xpvh,44.384765625,142.20703125,北海道,空知支庁,雨竜郡,幌加内町,01439
xpvk,44.384765625,142.55859375,北海道,,,名寄市,01221
xpvs,44.384765625,142.91015625,北海道,網走支庁,紋別郡,西興部村,01562
xpvu,44.384765625,143.26171875,北海道,網走支庁,紋別郡,興部町,01561
xpzu,44.384765625,146.07421875,北海道,根室振興局,国後郡,泊村・留夜別村,01696
xrbh,44.384765625,146.42578125,北海道,根室振興局,国後郡,泊村・留夜別村,01696
xpuv,44.560546875,141.85546875,北海道,留萌支庁,苫前郡,初山別村,01485
xpvj,44.560546875,142.20703125,北海道,上川支庁,中川郡,中川町,01471
xpvm,44.560546875,142.55859375,北海道,上川支庁,中川郡,美深町,01469
xpvt,44.560546875,142.91015625,北海道,網走支庁,紋別郡,雄武町,01563
xpuy,44.736328125,141.85546875,北海道,留萌支庁,天塩郡,遠別町,01486
xpvn,44.736328125,142.20703125,北海道,上川支庁,中川郡,音威子府村,01470
xpvq,44.736328125,142.55859375,北海道,宗谷支庁,枝幸郡,枝幸町,01514
xpuz,44.912109375,141.85546875,北海道,留萌支庁,天塩郡,天塩町,01487
xpvp,44.912109375,142.20703125,北海道,宗谷支庁,枝幸郡,中頓別町,01513
xpvr,44.912109375,142.55859375,北海道,宗谷支庁,枝幸郡,枝幸町,01514
xrbz,44.912109375,147.48046875,北海道,根室振興局,択捉郡,留別村・紗那村・蘂取,01698
z0hb,45.087890625,141.85546875,北海道,宗谷支庁,天塩郡,豊富町,01516
z0j0,45.087890625,142.20703125,北海道,宗谷支庁,枝幸郡,浜頓別町,01512
z210,45.087890625,147.83203125,北海道,根室振興局,択捉郡,留別村・紗那村・蘂取,01698
z0hc,45.263671875,141.85546875,北海道,,,稚内市,01214
z0j1,45.263671875,142.20703125,北海道,宗谷支庁,宗谷郡,猿払村,01511
z21d,45.439453125,148.53515625,北海道,根室振興局,択捉郡,留別村・紗那村・蘂取,01698
Binary file gh4.ag.txt matches
